Date,Open,High,Low,Close,Adj Close,Volume
2017/4/3,35.927502,36.029999,35.762501,35.924999,34.17152,79942800
2017/4/4,35.8125,36.2225,35.7925,36.192501,34.425976,79565600
2017/4/5,36.055,36.365002,35.952499,36.005001,34.247623,110871600
2017/4/6,36.072498,36.130001,35.862499,35.915001,34.162018,84596000
2017/4/7,35.932499,36.044998,35.817501,35.834999,34.085918,66688800
2017/4/10,35.900002,35.970001,35.724998,35.7925,34.045498,75733600
2017/4/11,35.735001,35.837502,35.014999,35.407501,33.679287,121517600
2017/4/12,35.400002,35.537498,35.252499,35.450001,33.719711,81400000
2017/4/13,35.477501,35.595001,35.262501,35.262501,33.541363,71291600
2017/4/17,35.369999,35.470001,35.217499,35.4575,33.726852,66328400
2017/4/18,35.352501,35.509998,35.2775,35.299999,33.577038,58790000
2017/4/19,35.470001,35.5,35.112499,35.169998,33.453377,69313600
2017/4/20,35.305,35.73,35.290001,35.610001,33.871906,93278400
2017/4/21,35.610001,35.669998,35.462502,35.567501,33.831474,69283600
2017/4/24,35.875,35.987499,35.794998,35.91,34.157269,68537200
2017/4/25,35.977501,36.224998,35.967499,36.1325,34.3689,75486000
2017/4/26,36.1175,36.150002,35.845001,35.919998,34.166775,80164800
2017/4/27,35.98,36.040001,35.827499,35.947498,34.192936,56985200
2017/4/28,36.022499,36.075001,35.817501,35.912498,34.159637,83441600
2017/5/1,36.275002,36.799999,36.240002,36.645,34.856388,134411600
2017/5/2,36.884998,37.022499,36.709999,36.877499,35.077541,181408800
2017/5/3,36.397499,36.872501,36.067501,36.764999,34.970528,182788000
2017/5/4,36.630001,36.785,36.452499,36.6325,34.844486,93487600
2017/5/5,36.689999,37.244999,36.689999,37.240002,35.422344,109310800
2017/5/8,37.2575,38.424999,37.2575,38.252499,36.385422,195009600
2017/5/9,38.467499,38.720001,38.362499,38.497501,36.618469,156521600
2017/5/10,38.407501,38.485001,38.0275,38.314999,36.444874,103222800
2017/5/11,38.112499,38.517502,38.077499,38.487499,36.760059,109020400
2017/5/12,38.674999,39.105,38.6675,39.025002,37.273441,130108000
2017/5/15,39.002499,39.162498,38.762501,38.924999,37.177921,104038800
2017/5/16,38.985001,39.014999,38.68,38.8675,37.123013,80194000
2017/5/17,38.400002,38.642502,37.427502,37.5625,35.876579,203070800
2017/5/18,37.817501,38.334999,37.782501,38.134998,36.423378,134272800
2017/5/19,38.345001,38.494999,38.157501,38.264999,36.547546,107843200
2017/5/22,38.5,38.645,38.227501,38.497501,36.769615,91865600
2017/5/23,38.724998,38.724998,38.327499,38.450001,36.724239,79675600
2017/5/24,38.459999,38.5425,38.1675,38.334999,36.614414,76712000
2017/5/25,38.432499,38.587502,38.2575,38.467499,36.740955,76942400
2017/5/26,38.5,38.560001,38.327499,38.4025,36.678879,87710400
2017/5/30,38.355,38.607498,38.3325,38.4175,36.693203,80507600
2017/5/31,38.4925,38.5425,38.095001,38.189999,36.475906,97804800
2017/6/1,38.2925,38.3325,38.055,38.294998,36.576199,65616400
2017/6/2,38.395,38.862499,38.2225,38.862499,37.118225,111082800
2017/6/5,38.584999,38.612499,38.365002,38.482498,36.755287,101326800
2017/6/6,38.474998,38.952499,38.445,38.612499,36.879452,106499600
2017/6/7,38.755001,38.994999,38.619999,38.842499,37.099125,84278400
2017/6/8,38.8125,38.884998,38.599998,38.747501,37.008389,85003200
2017/6/9,38.797501,38.797501,36.505001,37.244999,35.573322,259530800
2017/6/12,36.435001,36.522499,35.627499,36.355,34.723278,289229200
2017/6/13,36.790001,36.862499,36.287498,36.647499,35.002644,136661600
2017/6/14,36.875,36.875,35.959999,36.290001,34.661194,126124800
2017/6/15,35.830002,36.119999,35.552502,36.072498,34.453453,128661600
2017/6/16,35.945,36.125,35.549999,35.567501,33.971119,201444400
2017/6/19,35.915001,36.685001,35.915001,36.584999,34.942951,130165600
2017/6/20,36.717499,36.717499,36.235001,36.252499,34.625374,99600400
2017/6/21,36.380001,36.517502,36.1525,36.467499,34.830727,85063200
2017/6/22,36.442501,36.674999,36.279999,36.407501,34.773426,76425200
2017/6/23,36.282501,36.790001,36.2775,36.57,34.928623,141757600
2017/6/26,36.7925,37.07,36.345001,36.455002,34.818787,102769600
2017/6/27,36.252499,36.540001,35.904999,35.932499,34.319733,99047600
2017/6/28,36.122501,36.5275,35.790001,36.4575,34.821175,88329600
2017/6/29,36.177502,36.282501,35.57,35.919998,34.3078,125997600
2017/6/30,36.112499,36.240002,35.945,36.005001,34.388985,92096400
2017/7/3,36.220001,36.325001,35.775002,35.875,34.26482,57111200
2017/7/5,35.922501,36.197498,35.68,36.022499,34.405693,86278400
2017/7/6,35.755001,35.875,35.602501,35.682499,34.080963,96515200
2017/7/7,35.724998,36.1875,35.724998,36.044998,34.427189,76806800
2017/7/10,36.0275,36.487499,35.842499,36.264999,34.637314,84362400
2017/7/11,36.182499,36.462502,36.095001,36.3825,34.749542,79127200
2017/7/12,36.467499,36.544998,36.205002,36.435001,34.799683,99538000
2017/7/13,36.375,37.122501,36.360001,36.942501,35.284409,100797600
2017/7/14,36.9925,37.3325,36.8325,37.259998,35.587654,80528400
2017/7/17,37.205002,37.724998,37.142502,37.389999,35.711819,95174000
2017/7/18,37.299999,37.532501,37.1675,37.52,35.835987,71475200
2017/7/19,37.619999,37.855,37.487499,37.755001,36.060448,83692000
2017/7/20,37.875,37.935001,37.547501,37.584999,35.898067,68974800
2017/7/21,37.497501,37.610001,37.220001,37.567501,35.881351,105010400
2017/7/24,37.645,38.110001,37.474998,38.022499,36.315933,85972800
2017/7/25,37.950001,38.459999,37.950001,38.185001,36.471138,75415600
2017/7/26,38.337502,38.482498,38.264999,38.365002,36.643066,63124000
2017/7/27,38.4375,38.497501,36.825001,37.639999,35.950596,129905200
2017/7/28,37.4725,37.557499,37.297501,37.375,35.697495,68854800
2017/7/31,37.474998,37.5825,37.032501,37.182499,35.51363,79383600
2017/8/1,37.275002,37.555,37.102501,37.512501,35.828819,141474400
2017/8/2,39.82,39.9375,39.040001,39.285,37.52177,279747200
2017/8/3,39.262501,39.302502,38.755001,38.892502,37.146885,108389200
2017/8/4,39.017502,39.349998,38.922501,39.0975,37.342686,82239600
2017/8/7,39.264999,39.73,39.1675,39.702499,37.920532,87481200
2017/8/8,39.650002,40.4575,39.567501,40.02,38.223778,144823600
2017/8/9,39.814999,40.317501,39.7775,40.264999,38.457779,104526000
2017/8/10,39.974998,40,38.657501,38.830002,37.232838,163217200
2017/8/11,39.150002,39.642502,39.017502,39.369999,37.750618,105028400
2017/8/14,39.830002,40.052502,39.6875,39.962502,38.318748,88490800
2017/8/15,40.165001,40.549999,40.035,40.400002,38.738255,117862000
2017/8/16,40.485001,40.627499,40.037498,40.237499,38.582436,110686400
2017/8/17,40.130001,40.177502,39.459999,39.465,37.841713,111762400
2017/8/18,39.465,39.875,39.18,39.375,37.755413,109712400
2017/8/21,39.375,39.4725,38.7775,39.302502,37.685898,105474000
2017/8/22,39.557499,40,39.505001,39.945,38.301964,86418400
2017/8/23,39.767502,40.1175,39.720001,39.994999,38.349915,77596400
2017/8/24,40.107498,40.185001,39.637501,39.817501,38.17971,79275600
2017/8/25,39.912498,40.139999,39.817501,39.965,38.321136,101920400
2017/8/28,40.035,40.5,39.982498,40.3675,38.7071,103864000
2017/8/29,40.025002,40.779999,40,40.727501,39.052284,118067600
2017/8/30,40.950001,40.9725,40.6525,40.837502,39.157761,109078400
2017/8/31,40.91,41.130001,40.869999,41,39.313568,107140400
2017/9/1,41.200001,41.235001,40.907501,41.012501,39.325558,66364400
2017/9/5,40.9375,41.0625,40.139999,40.52,38.853317,117874000
2017/9/6,40.677502,40.747501,40.130001,40.477501,38.812557,86606800
2017/9/7,40.522499,40.560001,40.09,40.314999,38.656754,87714000
2017/9/8,40.215,40.287498,39.6325,39.657501,38.026302,114446000
2017/9/11,40.125,40.512501,39.9725,40.375,38.714279,126323200
2017/9/12,40.6525,40.990002,39.692501,40.215,38.560867,286856000
2017/9/13,39.967499,39.990002,39.477501,39.912498,38.270802,179629600
2017/9/14,39.747501,39.849998,39.522499,39.57,37.94239,95042800
2017/9/15,39.6175,40.2425,39.5,39.970001,38.325935,196458400
2017/9/18,40.0275,40.125,39.5,39.6675,38.035885,113077600
2017/9/19,39.877499,39.942501,39.610001,39.682499,38.050262,83242400
2017/9/20,39.474998,39.564999,38.4575,39.017502,37.412628,211805600
2017/9/21,38.950001,38.950001,38.1875,38.3475,36.770168,150046800
2017/9/22,37.884998,38.067501,37.639999,37.9725,36.410603,186581600
2017/9/25,37.497501,37.9575,37.290001,37.637501,36.089378,177549200
2017/9/26,37.945,38.48,37.922501,38.285,36.710247,146640000
2017/9/27,38.450001,38.68,38.384998,38.557499,36.971531,102016800
2017/9/28,38.4725,38.57,38.174999,38.32,36.743805,88022000
2017/9/29,38.302502,38.532501,38,38.529999,36.945168,105199200
2017/10/2,38.564999,38.612499,38.18,38.452499,36.870865,74795200
2017/10/3,38.502499,38.772499,38.477501,38.619999,37.031464,64921200
2017/10/4,38.407501,38.465,38.115002,38.369999,36.791752,80655200
2017/10/5,38.544998,38.860001,38.512501,38.8475,37.249611,85135200
2017/10/6,38.7425,38.872501,38.639999,38.825001,37.228035,69630400
2017/10/9,38.952499,39.182499,38.872501,38.959999,37.357483,65051600
2017/10/10,39.014999,39.5,38.775002,38.974998,37.371864,62468000
2017/10/11,38.9925,39.244999,38.9375,39.137501,37.527683,67622400
2017/10/12,39.087502,39.342499,38.932499,39,37.39584,64500400
2017/10/13,39.182499,39.32,39.102501,39.247501,37.63316,65576800
2017/10/16,39.474998,40,39.412498,39.970001,38.325935,96486000
2017/10/17,39.945,40.217499,39.807499,40.1175,38.467373,75989200
2017/10/18,40.105,40.177502,39.900002,39.939999,38.29718,65496800
2017/10/19,39.1875,39.27,38.755001,38.994999,37.391045,170336800
2017/10/20,39.1525,39.4375,38.990002,39.0625,37.455776,95896400
2017/10/23,39.2225,39.422501,38.875,39.0425,37.436596,87937200
2017/10/24,39.072498,39.355,39.049999,39.275002,37.659531,71028800
2017/10/25,39.227501,39.387501,38.817501,39.102501,37.494122,84828400
2017/10/26,39.307499,39.4575,39.195,39.352501,37.733841,68002000
2017/10/27,39.822498,40.900002,39.674999,40.762501,39.085838,177816800
2017/10/30,40.9725,42.017502,40.93,41.68,39.965603,178803200
2017/10/31,41.974998,42.412498,41.735001,42.259998,40.521748,144187200
2017/11/1,42.467499,42.485001,41.4025,41.7225,40.006359,134551200
2017/11/2,41.650002,42.125,41.32,42.0275,40.298813,165573600
2017/11/3,43.5,43.564999,42.779999,43.125,41.35117,237594400
2017/11/6,43.092499,43.747501,42.93,43.5625,41.770676,140105200
2017/11/7,43.477501,43.8125,43.400002,43.702499,41.904911,97446000
2017/11/8,43.665001,44.060001,43.5825,44.060001,42.247711,97638000
2017/11/9,43.7775,44.025002,43.285,43.970001,42.161411,117930400
2017/11/10,43.7775,43.845001,43.567501,43.6675,42.021866,100582000
2017/11/13,43.375,43.625,43.349998,43.4925,41.85347,67928400
2017/11/14,43.259998,43.369999,42.794998,42.834999,41.220745,99130000
2017/11/15,42.4925,42.580002,42.095001,42.27,40.67704,116632400
2017/11/16,42.794998,42.967499,42.575001,42.775002,41.163006,94550000
2017/11/17,42.759998,42.8475,42.41,42.537498,40.934456,87598000
2017/11/20,42.572498,42.639999,42.389999,42.494999,40.893555,65049600
2017/11/21,42.695,43.424999,42.695,43.285,41.65379,100525200
2017/11/22,43.34,43.75,43.262501,43.740002,42.091644,102355600
2017/11/24,43.775002,43.875,43.662498,43.7425,42.094051,56106800
2017/11/27,43.762501,43.77,43.334999,43.522499,41.882336,82867200
2017/11/28,43.575001,43.717499,42.965,43.267502,41.636951,105715200
2017/11/29,43.157501,43.23,41.790001,42.369999,40.773273,166665600
2017/11/30,42.607498,43.035,42.110001,42.962502,41.343441,166108800
2017/12/1,42.487499,42.9175,42.125,42.762501,41.150986,159037200
2017/12/4,43.119999,43.154999,42.407501,42.450001,40.850254,130169600
2017/12/5,42.264999,42.880001,42.099998,42.41,40.811764,109400800
2017/12/6,41.875,42.549999,41.615002,42.252499,40.660198,114240000
2017/12/7,42.2575,42.610001,42.227501,42.330002,40.734783,102693200
2017/12/8,42.622501,42.75,42.205002,42.342499,40.746807,93420800
2017/12/11,42.299999,43.2225,42.197498,43.1675,41.540718,141095200
2017/12/12,43.037498,43.0975,42.865002,42.924999,41.30735,77636800
2017/12/13,43.125,43.384998,43,43.067501,41.444485,95273600
2017/12/14,43.099998,43.282501,42.912498,43.055,41.432457,81906000
2017/12/15,43.407501,43.5425,43.115002,43.4925,41.85347,160677200
2017/12/18,43.720001,44.299999,43.715,44.105,42.442883,117684400
2017/12/19,43.7575,43.8475,43.522499,43.634998,41.990601,109745600
2017/12/20,43.717499,43.855,43.3125,43.587502,41.944889,93902400
2017/12/21,43.5425,44.005001,43.525002,43.752499,42.103676,83799600
2017/12/22,43.669998,43.855,43.625,43.752499,42.103676,65397600
2017/12/26,42.700001,42.8675,42.419998,42.642502,41.035507,132742000
2017/12/27,42.525002,42.695,42.427502,42.650002,41.042721,85992800
2017/12/28,42.75,42.962502,42.619999,42.77,41.158192,65920800
2017/12/29,42.630001,42.647499,42.305,42.307499,40.713127,103999600
2018/1/2,42.540001,43.075001,42.314999,43.064999,41.442081,102223600
2018/1/3,43.1325,43.637501,42.990002,43.057499,41.434864,118071600
2018/1/4,43.134998,43.3675,43.02,43.2575,41.627323,89738400
2018/1/5,43.360001,43.842499,43.262501,43.75,42.101261,94640000
2018/1/8,43.587502,43.9025,43.482498,43.587502,41.944889,82271200
2018/1/9,43.637501,43.764999,43.352501,43.5825,41.940075,86336000
2018/1/10,43.290001,43.575001,43.25,43.572498,41.930458,95839600
2018/1/11,43.647499,43.872501,43.622501,43.82,42.168621,74670800
2018/1/12,44.044998,44.34,43.912498,44.272499,42.604076,101672400
2018/1/16,44.474998,44.8475,44.035,44.047501,42.387554,118263600
2018/1/17,44.037498,44.8125,43.767502,44.775002,43.087643,137547200
2018/1/18,44.842499,45.025002,44.5625,44.814999,43.126129,124773600
2018/1/19,44.6525,44.895,44.352501,44.615002,42.933674,129700400
2018/1/22,44.325001,44.445,44.150002,44.25,42.58242,108434400
2018/1/23,44.325001,44.860001,44.205002,44.259998,42.592049,130756400
2018/1/24,44.3125,44.325001,43.299999,43.555,41.913612,204420400
2018/1/25,43.627499,43.737499,42.6325,42.7775,41.165417,166116000
2018/1/26,43,43,42.514999,42.877499,41.261639,156572000
2018/1/29,42.540001,42.540001,41.767502,41.990002,40.407593,202561600
2018/1/30,41.3825,41.842499,41.174999,41.7425,40.169422,184192800
2018/1/31,41.717499,42.110001,41.625,41.857498,40.280087,129915600
2018/2/1,41.7925,42.154999,41.689999,41.945,40.364296,188923200
2018/2/2,41.5,41.700001,40.025002,40.125,38.612873,346375200
2018/2/5,39.775002,40.970001,39,39.122501,37.648155,290954000
2018/2/6,38.7075,40.93,38.5,40.7575,39.221531,272975200
2018/2/7,40.772499,40.849998,39.767502,39.884998,38.381927,206434400
2018/2/8,40.072498,40.25,38.7575,38.787498,37.325779,217562000
2018/2/9,39.267502,39.4725,37.560001,39.102501,37.782326,282690400
2018/2/12,39.625,40.9725,39.377499,40.677502,39.30415,243278000
2018/2/13,40.487499,41.1875,40.412498,41.084999,39.697895,130196800
2018/2/14,40.759998,41.884998,40.720001,41.842499,40.429813,162579600
2018/2/15,42.447498,43.272499,42.25,43.247501,41.78738,204588800
2018/2/16,43.09,43.705002,42.942501,43.107498,41.652115,160704400
2018/2/20,43.012501,43.564999,42.855,42.962502,41.512005,135722000
2018/2/21,43.2075,43.529999,42.752499,42.767502,41.323593,149886400
2018/2/22,42.950001,43.487499,42.927502,43.125,41.669022,123967600
2018/2/23,43.4175,43.912498,43.384998,43.875,42.3937,135249600
2018/2/26,44.087502,44.8475,44.052502,44.7425,43.231911,152648800
2018/2/27,44.775002,45.119999,44.540001,44.5975,43.091808,155712400
2018/2/28,44.814999,45.154999,44.512501,44.529999,43.026588,151128400
2018/3/1,44.634998,44.945,43.165001,43.75,42.272915,195208000
2018/3/2,43.200001,44.075001,43.112499,44.052502,42.565205,153816000
2018/3/5,43.802502,44.435001,43.630001,44.205002,42.712555,113605600
2018/3/6,44.477501,44.5625,44.032501,44.1675,42.676323,95154000
2018/3/7,43.735001,43.962502,43.567501,43.7575,42.280163,126814000
2018/3/8,43.869999,44.279999,43.767502,44.235001,42.741543,95096400
2018/3/9,44.490002,45,44.3475,44.994999,43.47588,128740800
2018/3/12,45.072498,45.5975,45.052502,45.43,43.896194,128828400
2018/3/13,45.647499,45.875,44.810001,44.9925,43.473465,126774000
2018/3/14,45.080002,45.130001,44.452499,44.610001,43.103882,117473600
2018/3/15,44.625,45.060001,44.517502,44.662498,43.154606,90975200
2018/3/16,44.662498,44.779999,44.404999,44.505001,43.00243,157618800
2018/3/19,44.330002,44.3675,43.415001,43.825001,42.345394,133787200
2018/3/20,43.810001,44.200001,43.735001,43.810001,42.330891,78597600
2018/3/21,43.759998,43.772499,42.814999,42.817501,41.371902,148219600
2018/3/22,42.5,43.169998,42.150002,42.212502,40.787323,165963200
2018/3/23,42.0975,42.48,41.235001,41.235001,39.842827,164115200
2018/3/26,42.017502,43.275002,41.610001,43.192501,41.734245,150164800
2018/3/27,43.419998,43.787498,41.73,42.084999,40.664127,163690400
2018/3/28,41.8125,42.505001,41.297501,41.619999,40.214836,166674000
2018/3/29,41.952499,42.9375,41.724998,41.945,40.528866,153594000
2018/4/2,41.66,42.235001,41.1175,41.669998,40.263142,150347200
2018/4/3,41.91,42.1875,41.220001,42.0975,40.676208,121112000
2018/4/4,41.220001,43.002499,41.192501,42.9025,41.454033,138422000
2018/4/5,43.145,43.557499,43.02,43.200001,41.741486,107732800
2018/4/6,42.7425,43.119999,42.049999,42.095001,40.673801,140021200
2018/4/9,42.470001,43.272499,42.462502,42.512501,41.077202,116070800
2018/4/10,43.25,43.5,42.8825,43.3125,41.850193,113634400
2018/4/11,43.057499,43.48,42.924999,43.110001,41.654522,89726400
2018/4/12,43.352501,43.75,43.259998,43.535,42.065174,91557200
2018/4/13,43.695,43.959999,43.462502,43.682499,42.207695,100497200
2018/4/16,43.7575,44.047501,43.7075,43.955002,42.471001,86313600
2018/4/17,44.122501,44.735001,44.102501,44.560001,43.055573,106421600
2018/4/18,44.452499,44.705002,44.220001,44.459999,42.95895,83018000
2018/4/19,43.439999,43.8475,43.165001,43.200001,41.741486,139235200
2018/4/20,42.650002,42.805,41.357498,41.43,40.031242,261964400
2018/4/23,41.7075,41.73,41.022499,41.310001,39.915298,146062000
2018/4/24,41.4175,41.5825,40.305,40.735001,39.359715,134768000
2018/4/25,40.654999,41.355,40.602501,40.912498,39.531212,113528400
2018/4/26,41.029999,41.432499,40.842499,41.055,39.668903,111852000
2018/4/27,41,41.0825,40.157501,40.580002,39.209946,142623200
2018/4/30,40.532501,41.814999,40.459999,41.314999,39.92012,169709600
2018/5/1,41.602501,42.299999,41.317501,42.275002,40.847713,214277600
2018/5/2,43.807499,44.4375,43.450001,44.142502,42.652172,266157600
2018/5/3,43.970001,44.375,43.610001,44.2225,42.729462,136272800
2018/5/4,44.5625,46.0625,44.5425,45.9575,44.405891,224805200
2018/5/7,46.294998,46.9175,46.1875,46.290001,44.727165,169805600
2018/5/8,46.247501,46.555,45.9175,46.512501,44.942154,113611200
2018/5/9,46.637501,46.849998,46.305,46.84,45.258598,92844800
2018/5/10,46.935001,47.592499,46.912498,47.509998,45.905975,111957200
2018/5/11,47.372501,47.514999,46.862499,47.147499,45.73138,104848800
2018/5/14,47.252499,47.3825,46.965,47.037498,45.624683,83115200
2018/5/15,46.695,46.767502,46.275002,46.610001,45.210022,94780800
2018/5/16,46.517502,47.115002,46.5,47.044998,45.631958,76732400
2018/5/17,47,47.227501,46.59,46.747501,45.343395,69176000
2018/5/18,46.797501,46.952499,46.532501,46.577499,45.178493,73190800
2018/5/21,47,47.317501,46.727501,46.907501,45.498585,73603200
2018/5/22,47.095001,47.220001,46.695,46.790001,45.384621,60962800
2018/5/23,46.587502,47.125,46.439999,47.09,45.67561,80233600
2018/5/24,47.192501,47.209999,46.552502,47.037498,45.624683,92936000
2018/5/25,47.057499,47.412498,46.912498,47.145,45.728954,69844000
2018/5/29,46.900002,47.1875,46.717499,46.974998,45.564064,90056400
2018/5/30,46.93,47,46.695,46.875,45.467064,74762000
2018/5/31,46.805,47.057499,46.535,46.717499,45.314293,109931200
2018/6/1,46.997501,47.564999,46.9375,47.560001,46.131493,93770000
2018/6/4,47.91,48.355,47.837502,47.9575,46.517048,105064800
2018/6/5,48.267502,48.485001,48.09,48.327499,46.875935,86264000
2018/6/6,48.407501,48.52,47.98,48.494999,47.038403,83734400
2018/6/7,48.535,48.549999,48.084999,48.365002,46.912315,85388800
2018/6/8,47.7925,48,47.442501,47.924999,46.485523,106627200
2018/6/11,47.837502,47.9925,47.552502,47.807499,46.371559,73234000
2018/6/12,47.8475,48.1525,47.787498,48.07,46.626167,67644400
2018/6/13,48.105,48.220001,47.610001,47.674999,46.243034,86553600
2018/6/14,47.887501,47.892502,47.555,47.700001,46.267288,86440400
2018/6/15,47.5075,47.540001,47.064999,47.209999,45.792004,246876800
2018/6/18,46.970001,47.305,46.799999,47.185001,45.76775,73939600
2018/6/19,46.285,46.5825,45.862499,46.422501,45.028152,134314000
2018/6/20,46.587502,46.799999,46.432499,46.625,45.224579,82514800
2018/6/21,46.8125,47.087502,46.235001,46.365002,44.972385,102847600
2018/6/22,46.529999,46.537498,46.174999,46.23,44.841438,108801600
2018/6/25,45.849998,46.23,45.182499,45.5425,44.174587,126652400
2018/6/26,45.747501,46.6325,45.634998,46.107498,44.722618,98276800
2018/6/27,46.307499,46.82,46.0075,46.040001,44.657146,101141200
2018/6/28,46.025002,46.552502,45.950001,46.375,44.982082,69460800
2018/6/29,46.572498,46.797501,45.727501,46.2775,44.887512,90950800
2018/7/2,45.955002,46.825001,45.855,46.794998,45.389462,70925200
2018/7/3,46.947498,46.987499,45.884998,45.98,44.598942,55819200
2018/7/5,46.314999,46.602501,46.07,46.349998,44.957829,66416800
2018/7/6,46.355,47.107498,46.299999,46.9925,45.581036,69940800
2018/7/9,47.375,47.669998,47.325001,47.645,46.213943,79026400
2018/7/10,47.677502,47.82,47.544998,47.587502,46.158165,63756400
2018/7/11,47.125,47.445,46.9025,46.970001,45.559212,75326000
2018/7/12,47.3825,47.852501,47.327499,47.7575,46.323059,72164400
2018/7/13,47.77,47.959999,47.724998,47.8325,46.395802,50055600
2018/7/16,47.880001,48.162498,47.605,47.727501,46.293961,60172400
2018/7/17,47.4375,47.967499,47.299999,47.862499,46.4249,62138000
2018/7/18,47.945,47.950001,47.482498,47.599998,46.170292,65573600
2018/7/19,47.422501,48.137501,47.422501,47.970001,46.529182,81147200
2018/7/20,47.945,48.107498,47.5425,47.860001,46.422485,82704800
2018/7/23,47.669998,47.990002,47.389999,47.9025,46.463703,63957600
2018/7/24,48.112499,48.415001,48.012501,48.25,46.800766,74791600
2018/7/25,48.264999,48.712502,48.107498,48.705002,47.242104,66839600
2018/7/26,48.6525,48.990002,48.4025,48.552502,47.094181,76304000
2018/7/27,48.747501,48.797501,47.525002,47.744999,46.310932,96096000
2018/7/30,47.974998,48.049999,47.267502,47.477501,46.051472,84118000
2018/7/31,47.575001,48.035,47.334999,47.572498,46.143612,157492000
2018/8/1,49.782501,50.439999,49.327499,50.375,48.861935,271742800
2018/8/2,50.145,52.095001,50.087502,51.8475,50.290207,249616000
2018/8/3,51.7575,52.185001,51.369999,51.997501,50.435711,133789600
2018/8/6,52,52.3125,51.767502,52.267502,50.697598,101701600
2018/8/7,52.330002,52.375,51.689999,51.7775,50.222313,102349600
2018/8/8,51.512501,51.952499,51.130001,51.8125,50.256268,90102000
2018/8/9,52.3825,52.445,51.799999,52.220001,50.651527,93970400
2018/8/10,51.84,52.275002,51.6675,51.8825,50.500645,98444800
2018/8/13,52.327499,52.737499,51.924999,52.217499,50.826721,103563600
2018/8/14,52.540001,52.639999,52.064999,52.4375,51.040874,82992000
2018/8/15,52.305,52.685001,52.0825,52.560001,51.16011,115230400
2018/8/16,52.9375,53.452499,52.8675,53.330002,51.909603,114001600
2018/8/17,53.360001,54.487499,53.290001,54.395,52.946232,141708000
2018/8/20,54.525002,54.794998,53.7775,53.865002,52.430347,121150800
2018/8/21,54.200001,54.297501,53.5075,53.759998,52.328136,104639200
2018/8/22,53.525002,54.09,53.459999,53.762501,52.330582,76072400
2018/8/23,53.662498,54.262501,53.650002,53.872501,52.437649,75532800
2018/8/24,54.150002,54.224998,53.7775,54.040001,52.600689,73905600
2018/8/27,54.287498,54.685001,54.0825,54.485001,53.033836,82100400
2018/8/28,54.752499,55.134998,54.73,54.924999,53.462116,91107200
2018/8/29,55.037498,55.872501,54.852501,55.744999,54.260273,109019200
2018/8/30,55.8125,57.064999,55.599998,56.2575,54.759121,195175200
2018/8/31,56.627499,57.217499,56.5,56.907501,55.391811,173360400
2018/9/4,57.102501,57.294998,56.657501,57.09,55.56945,109560400
2018/9/5,57.247501,57.4175,56.275002,56.717499,55.206875,133332000
2018/9/6,56.557499,56.837502,55.325001,55.775002,54.289478,137160000
2018/9/7,55.462502,56.342499,55.177502,55.325001,53.851463,150479200
2018/9/10,55.237499,55.462502,54.1175,54.5825,53.128742,158066000
2018/9/11,54.502499,56.075001,54.139999,55.962502,54.471992,142996000
2018/9/12,56.235001,56.25,54.959999,55.267502,53.795494,197114800
2018/9/13,55.880001,57.087502,55.642502,56.602501,55.094944,166825600
2018/9/14,56.4375,56.709999,55.630001,55.959999,54.469551,127997200
2018/9/17,55.537498,55.737499,54.317501,54.470001,53.019238,148780400
2018/9/18,54.447498,55.462502,54.279999,54.560001,53.106838,126286800
2018/9/19,54.625,54.904999,53.825001,54.592499,53.138466,108495200
2018/9/20,55.060001,55.57,54.787498,55.0075,53.542419,106435200
2018/9/21,55.195,55.34,54.322498,54.415001,52.965706,384986800
2018/9/24,54.205002,55.314999,54.157501,55.197498,53.72736,110773600
2018/9/25,54.9375,55.705002,54.924999,55.547501,54.068035,98217600
2018/9/26,55.25,55.9375,54.939999,55.105,53.637321,95938800
2018/9/27,55.955002,56.610001,55.884998,56.237499,54.739658,120724800
2018/9/28,56.197498,56.459999,56.005001,56.435001,54.931904,91717600
2018/10/1,56.987499,57.355,56.587502,56.814999,55.301777,94403200
2018/10/2,56.8125,57.5,56.657501,57.32,55.793324,99152800
2018/10/3,57.512501,58.3675,57.445,58.017502,56.472256,114619200
2018/10/4,57.695,58.087502,56.682499,56.997501,55.479424,128168000
2018/10/5,56.990002,57.102501,55.145,56.072498,54.579044,134322000
2018/10/8,55.552502,56.200001,55.049999,55.942501,54.452522,118655600
2018/10/9,55.91,56.817501,55.5625,56.717499,55.206875,107564000
2018/10/10,56.365002,56.587502,54.012501,54.09,52.649349,167962400
2018/10/11,53.630001,54.875,53.080002,53.612499,52.184574,212497600
2018/10/12,55.105,55.720001,54.209999,55.5275,54.048569,161351600
2018/10/15,55.290001,55.4575,54.317501,54.34,52.892693,123164000
2018/10/16,54.732498,55.747501,54.189999,55.537498,54.058296,116736000
2018/10/17,55.575001,55.66,54.834999,55.297501,53.824699,91541600
2018/10/18,54.465,54.935001,53.25,54.005001,52.566624,130325200
2018/10/19,54.514999,55.314999,54.357498,54.827499,53.367214,132314800
2018/10/22,54.947498,55.84,54.735001,55.162498,53.693295,115168400
2018/10/23,53.9575,55.8125,53.674999,55.682499,54.19944,155071200
2018/10/24,55.650002,56.057499,53.634998,53.772499,52.340309,163702000
2018/10/25,54.427502,55.345001,54.1875,54.950001,53.486454,119423200
2018/10/26,53.974998,55.047501,53.1675,54.075001,52.634758,189033600
2018/10/29,54.797501,54.922501,51.522499,53.060001,51.646793,183742000
2018/10/30,52.787498,53.794998,52.317501,53.325001,51.904736,146640000
2018/10/31,54.220001,55.112499,54.154999,54.715,53.257713,153435600
2018/11/1,54.762501,55.59,54.202499,55.555,54.075333,233292800
2018/11/2,52.387501,53.412498,51.357498,51.869999,50.488487,365314800
2018/11/5,51.075001,51.0975,49.5425,50.397499,49.055202,264654800
2018/11/6,50.48,51.18,50.422501,50.942501,49.585682,127531600
2018/11/7,51.4925,52.514999,51.032501,52.487499,51.089535,133697600
2018/11/8,52.494999,52.529999,51.6875,52.122501,50.911282,101450400
2018/11/9,51.387501,51.502499,50.5625,51.1175,49.92963,137463200
2018/11/12,49.75,49.962502,48.447498,48.5425,47.414471,204542000
2018/11/13,47.907501,49.294998,47.862499,48.057499,46.940742,187531600
2018/11/14,48.474998,48.619999,46.482498,46.700001,45.614788,243204000
2018/11/15,47.0975,47.9925,46.724998,47.852501,46.740513,185915200
2018/11/16,47.625,48.7425,47.365002,48.3825,47.25819,147713200
2018/11/19,47.5,47.674999,46.247501,46.465,45.38525,167701200
2018/11/20,44.592499,45.3675,43.877499,44.244999,43.216839,271300800
2018/11/21,44.932499,45.067501,44.137501,44.195,43.167995,124496800
2018/11/23,43.735001,44.150002,43.025002,43.072498,42.071579,94496000
2018/11/26,43.560001,43.737499,42.564999,43.654999,42.640545,179994000
2018/11/27,42.877499,43.692501,42.720001,43.560001,42.547756,165549600
2018/11/28,44.182499,45.322498,43.732498,45.235001,44.18383,184250000
2018/11/29,45.665001,45.700001,44.424999,44.887501,43.844402,167080000
2018/11/30,45.072498,45.0825,44.2575,44.645,43.607544,158126000
2018/12/3,46.115002,46.235001,45.302502,46.205002,45.13129,163210000
2018/12/4,45.237499,45.5975,44.067501,44.172501,43.146023,165377200
2018/12/6,42.939999,43.695,42.605,43.68,42.664967,172393600
2018/12/7,43.372501,43.622501,42.075001,42.122501,41.143665,169126400
2018/12/10,41.25,42.522499,40.8325,42.400002,41.414711,248104000
2018/12/11,42.915001,42.947498,41.75,42.157501,41.177841,189126800
2018/12/12,42.599998,42.98,42.255001,42.275002,41.292618,142510800
2018/12/13,42.622501,43.142502,42.387501,42.737499,41.74437,127594400
2018/12/14,42.25,42.27,41.32,41.369999,40.408638,162814800
2018/12/17,41.362499,42.087502,40.682499,40.985001,40.032593,177151600
2018/12/18,41.345001,41.8825,41.0975,41.517502,40.552719,135366000
2018/12/19,41.5,41.862499,39.772499,40.2225,39.287819,196189200
2018/12/20,40.099998,40.5275,38.825001,39.2075,38.296394,259092000
2018/12/21,39.215,39.540001,37.407501,37.682499,36.806835,382978400
2018/12/24,37.037498,37.887501,36.647499,36.7075,35.854492,148676800
2018/12/26,37.075001,39.307499,36.68,39.2925,38.379425,234330000
2018/12/27,38.959999,39.192501,37.517502,39.037498,38.130344,212468400
2018/12/28,39.375,39.630001,38.637501,39.057499,38.149883,169165600
2018/12/31,39.6325,39.84,39.119999,39.435001,38.518612,140014000
2019/1/2,38.7225,39.712502,38.557499,39.48,38.562561,148158800
2019/1/3,35.994999,36.43,35.5,35.547501,34.721451,365248800
2019/1/4,36.1325,37.137501,35.950001,37.064999,36.203678,234428400
2019/1/7,37.174999,37.2075,36.474998,36.982498,36.123104,219111200
2019/1/8,37.389999,37.955002,37.130001,37.6875,36.811718,164101200
2019/1/9,37.822498,38.6325,37.407501,38.327499,37.436844,180396400
2019/1/10,38.125,38.4925,37.715,38.450001,37.556507,143122800
2019/1/11,38.220001,38.424999,37.877499,38.072498,37.187771,108092800
2019/1/14,37.712502,37.817501,37.305,37.5,36.628578,129756800
2019/1/15,37.567501,38.3475,37.512501,38.267502,37.378242,114843600
2019/1/16,38.27,38.970001,38.25,38.735001,37.834881,122278800
2019/1/17,38.549999,39.415001,38.314999,38.965,38.059536,119284800
2019/1/18,39.375,39.470001,38.994999,39.205002,38.293949,135004000
2019/1/22,39.102501,39.182499,38.154999,38.325001,37.43441,121576000
2019/1/23,38.537498,38.785,37.924999,38.48,37.585804,92522400
2019/1/24,38.5275,38.619999,37.935001,38.174999,37.287888,101766000
2019/1/25,38.869999,39.532501,38.580002,39.439999,38.523491,134142000
2019/1/28,38.947498,39.0825,38.415001,39.075001,38.166977,104768400
2019/1/29,39.0625,39.532501,38.5275,38.669998,37.771385,166348800
2019/1/30,40.8125,41.537498,40.057499,41.3125,40.352478,244439200
2019/1/31,41.5275,42.25,41.139999,41.610001,40.643066,162958400
2019/2/1,41.740002,42.244999,41.482498,41.630001,40.662605,130672400
2019/2/4,41.852501,42.915001,41.82,42.8125,41.817623,125982000
2019/2/5,43.215,43.77,43.087502,43.544998,42.533104,144406400
2019/2/6,43.662498,43.892502,43.212502,43.560001,42.547756,112958400
2019/2/7,43.099998,43.485001,42.584999,42.735001,41.741924,126966800
2019/2/8,42.247501,42.665001,42.105,42.602501,41.790977,95280000
2019/2/11,42.762501,42.802502,42.3125,42.357498,41.55064,83973600
2019/2/12,42.525002,42.75,42.424999,42.7225,41.908688,89134000
2019/2/13,42.8475,43.119999,42.48,42.544998,41.734566,89960800
2019/2/14,42.427502,42.814999,42.345001,42.700001,41.886616,87342800
2019/2/15,42.8125,42.924999,42.4375,42.605,41.793427,98507200
2019/2/19,42.427502,42.860001,42.372501,42.732498,41.918495,75891200
2019/2/20,42.797501,43.330002,42.747501,43.0075,42.188255,104457600
2019/2/21,42.950001,43.092499,42.575001,42.764999,41.950378,68998800
2019/2/22,42.895,43.25,42.845001,43.2425,42.418781,75652800
2019/2/25,43.540001,43.967499,43.487499,43.557499,42.727783,87493600
2019/2/26,43.427502,43.825001,43.2925,43.5825,42.7523,68280800
2019/2/27,43.302502,43.75,43.182499,43.717499,42.884735,111341600
2019/2/28,43.580002,43.727501,43.23,43.287498,42.462925,112861600
2019/3/1,43.57,43.787498,43.2225,43.7425,42.90926,103544800
2019/3/4,43.922501,44.4375,43.4925,43.962502,43.125065,109744800
2019/3/5,43.985001,44,43.634998,43.8825,43.046589,78949600
2019/3/6,43.6675,43.872501,43.485001,43.630001,42.798901,83241600
2019/3/7,43.467499,43.610001,43.005001,43.125,42.303516,99185600
2019/3/8,42.580002,43.267502,42.375,43.227501,42.404068,95997600
2019/3/11,43.872501,44.779999,43.837502,44.724998,43.873039,128044000
2019/3/12,45,45.6675,44.842499,45.227501,44.365974,129870400
2019/3/13,45.5625,45.825001,45.23,45.427502,44.562164,124130000
2019/3/14,45.974998,46.025002,45.639999,45.932499,45.057541,94318000
2019/3/15,46.212502,46.8325,45.935001,46.529999,45.643658,156171600
2019/3/18,46.450001,47.0975,46.447498,47.005001,46.109615,104879200
2019/3/19,47.087502,47.247501,46.48,46.6325,45.744209,126585600
2019/3/20,46.557499,47.372501,46.182499,47.040001,46.143944,124140800
2019/3/21,47.505001,49.0825,47.452499,48.772499,47.843437,204136800
2019/3/22,48.834999,49.422501,47.695,47.762501,46.85268,169630800
2019/3/25,47.877499,47.994999,46.650002,47.185001,46.286179,175381200
2019/3/26,47.915001,48.220001,46.145,46.697498,45.807961,199202000
2019/3/27,47.1875,47.439999,46.637501,47.1175,46.219963,119393600
2019/3/28,47.237499,47.389999,46.8825,47.18,46.281273,83121600
2019/3/29,47.4575,47.52,47.134998,47.487499,46.582916,94256000
2019/4/1,47.91,47.919998,47.095001,47.810001,46.899277,111448000
2019/4/2,47.772499,48.615002,47.762501,48.505001,47.581043,91062800
2019/4/3,48.3125,49.125,48.287498,48.837502,47.907207,93087200
2019/4/4,48.697498,49.092499,48.285,48.922501,47.990585,76457200
2019/4/5,49.112499,49.275002,48.982498,49.25,48.311844,74106400
2019/4/8,49.105,50.057499,49.084999,50.025002,49.072079,103526800
2019/4/9,50.080002,50.712502,49.807499,49.875,48.924942,143072800
2019/4/10,49.669998,50.185001,49.544998,50.154999,49.199608,86781200
2019/4/11,50.212502,50.25,49.610001,49.737499,48.790058,83603200
2019/4/12,49.799999,50.035,49.052502,49.717499,48.770443,111042800
2019/4/15,49.645,49.962502,49.502499,49.807499,48.858723,70146400
2019/4/16,49.865002,50.342499,49.639999,49.8125,48.863628,102785600
2019/4/17,49.884998,50.845001,49.6525,50.782501,49.815155,115627200
2019/4/18,50.779999,51.037498,50.630001,50.965,49.994179,96783200
2019/4/22,50.7075,51.235001,50.584999,51.1325,50.158489,77758000
2019/4/23,51.107498,51.9375,50.974998,51.869999,50.881939,93292000
2019/4/24,51.84,52.119999,51.762501,51.790001,50.803463,70162400
2019/4/25,51.7075,51.939999,51.279999,51.32,50.342419,74172800
2019/4/26,51.224998,51.25,50.529999,51.075001,50.102085,74596400
2019/4/29,51.099998,51.4925,50.965,51.1525,50.178104,88818800
2019/4/30,50.764999,50.849998,49.7775,50.1675,49.211864,186139600
2019/5/1,52.470001,53.827499,52.307499,52.630001,51.62746,259309200
2019/5/2,52.459999,53.162498,52.032501,52.287498,51.291485,127985200
2019/5/3,52.7225,52.959999,52.557499,52.9375,51.929108,83569600
2019/5/6,51.072498,52.209999,50.875,52.119999,51.127178,129772400
2019/5/7,51.470001,51.855,50.2075,50.715,49.74894,155054800
2019/5/8,50.474998,51.334999,50.4375,50.724998,49.758747,105358000
2019/5/9,50.099998,50.419998,49.165001,50.18,49.224133,139634400
2019/5/10,49.355,49.712502,48.192501,49.294998,48.542206,164834800
2019/5/13,46.927502,47.369999,45.712502,46.43,45.720963,229722400
2019/5/14,46.602501,47.424999,46.352501,47.165001,46.444736,146118800
2019/5/15,46.567501,47.9375,46.505001,47.73,47.001102,106178800
2019/5/16,47.477501,48.1175,47.209999,47.52,46.794319,132125600
2019/5/17,46.732498,47.724998,46.689999,47.25,46.528439,131516400
2019/5/20,45.880001,46.087502,45.07,45.772499,45.073498,154449200
2019/5/21,46.305,47,46.174999,46.650002,45.937603,113459200
2019/5/22,46.165001,46.427502,45.637501,45.695,44.997185,118994400
2019/5/23,44.950001,45.134998,44.452499,44.915001,44.229099,146118800
2019/5/24,45.049999,45.535,44.654999,44.7425,44.059231,94858800
2019/5/28,44.73,45.147499,44.477501,44.557499,43.877056,111792800
2019/5/29,44.105,44.837502,44,44.345001,43.667801,113924800
2019/5/30,44.487499,44.807499,44.1675,44.575001,43.894287,84873600
2019/5/31,44.057499,44.497501,43.747501,43.767502,43.099117,108174400
2019/6/3,43.900002,44.48,42.567501,43.325001,42.663376,161584400
2019/6/4,43.860001,44.9575,43.630001,44.91,44.224174,123872000
2019/6/5,46.07,46.247501,45.285,45.634998,44.938099,119093600
2019/6/6,45.77,46.3675,45.537498,46.305,45.597866,90105200
2019/6/7,46.627499,47.98,46.442501,47.537498,46.81155,122737600
2019/6/10,47.952499,48.842499,47.904999,48.145,47.409767,104883600
2019/6/11,48.715,49,48.400002,48.702499,47.958752,107731600
2019/6/12,48.487499,48.9925,48.3475,48.547501,47.806126,73012800
2019/6/13,48.674999,49.197498,48.400002,48.537498,47.796272,86698400
2019/6/14,47.887501,48.397499,47.575001,48.185001,47.449154,75046000
2019/6/17,48.224998,48.740002,48.0425,48.4725,47.732269,58676400
2019/6/18,49.012501,50.072498,48.802502,49.612499,48.854858,106204000
2019/6/19,49.919998,49.970001,49.327499,49.467499,48.71207,84496800
2019/6/20,50.092499,50.1525,49.5075,49.865002,49.1035,86056000
2019/6/21,49.700001,50.212502,49.537498,49.695,48.936092,191202400
2019/6/24,49.634998,50.040001,49.5425,49.645,48.886864,72881600
2019/6/25,49.607498,49.814999,48.822498,48.892502,48.145855,84281200
2019/6/26,49.442501,50.247501,49.337502,49.950001,49.187206,104270000
2019/6/27,50.072498,50.392502,49.892502,49.935001,49.172436,83598800
2019/6/28,49.669998,49.875,49.262501,49.48,48.724384,124442400
2019/7/1,50.7925,51.122501,50.162498,50.387501,49.618027,109012000
2019/7/2,50.352501,50.782501,50.34,50.682499,49.908512,67740800
2019/7/3,50.82,51.110001,50.672501,51.102501,50.322102,45448000
2019/7/5,50.837502,51.27,50.724998,51.057499,50.27779,69062000
2019/7/8,50.202499,50.349998,49.602501,50.005001,49.24136,101354400
2019/7/9,49.799999,50.377499,49.702499,50.310001,49.541714,82312000
2019/7/10,50.462502,50.932499,50.389999,50.807499,50.031612,71588400
2019/7/11,50.827499,51.0975,50.427502,50.4375,49.667259,80767200
2019/7/12,50.612499,51,50.549999,50.825001,50.048847,70380800
2019/7/15,51.022499,51.467499,51,51.302502,50.519051,67789600
2019/7/16,51.147499,51.5275,50.875,51.125,50.344257,67467200
2019/7/17,51.012501,51.272499,50.817501,50.837502,50.061153,56430000
2019/7/18,51,51.470001,50.924999,51.415001,50.629833,74162400
2019/7/19,51.447498,51.625,50.59,50.647499,49.874054,83717200
2019/7/22,50.912498,51.807499,50.9025,51.805,51.013874,89111600
2019/7/23,52.115002,52.227501,51.822498,52.209999,51.412689,73420800
2019/7/24,51.9175,52.287498,51.7925,52.1675,51.37085,59966400
2019/7/25,52.2225,52.310001,51.682499,51.755001,50.964642,55638400
2019/7/26,51.869999,52.432499,51.785,51.935001,51.141891,70475600
2019/7/29,52.115002,52.66,52.110001,52.419998,51.61948,86693600
2019/7/30,52.189999,52.540001,51.827499,52.195,51.397919,135742800
2019/7/31,54.105,55.342499,52.825001,53.259998,52.446659,277125600
2019/8/1,53.474998,54.5075,51.685001,52.107498,51.311756,216071600
2019/8/2,51.3825,51.607498,50.407501,51.005001,50.226093,163448400
2019/8/5,49.497501,49.662498,48.145,48.334999,47.596859,209572000
2019/8/6,49.077499,49.517502,48.509998,49.25,48.497894,143299200
2019/8/7,48.852501,49.889999,48.455002,49.759998,49.000103,133457600
2019/8/8,50.049999,50.8825,49.8475,50.857498,50.080845,108038000
2019/8/9,50.325001,50.689999,49.822498,50.247501,49.668159,98478800
2019/8/12,49.904999,50.512501,49.787498,50.119999,49.542126,89927600
2019/8/13,50.255001,53.035,50.119999,52.2425,51.640156,188874000
2019/8/14,50.790001,51.610001,50.647499,50.6875,50.103088,146189600
2019/8/15,50.865002,51.285,49.9175,50.435001,49.8535,108909600
2019/8/16,51.07,51.790001,50.959999,51.625,51.029778,110481600
2019/8/19,52.654999,53.182499,52.5075,52.587502,51.981182,97654400
2019/8/20,52.720001,53.337502,52.580002,52.59,51.983654,107537200
2019/8/21,53.247501,53.412498,52.900002,53.16,52.547081,86141600
2019/8/22,53.297501,53.610001,52.6875,53.115002,52.502598,89014800
2019/8/23,52.357498,53.012501,50.25,50.66,50.075905,187272000
2019/8/26,51.465,51.797501,51.264999,51.622501,51.027306,104174400
2019/8/27,51.965,52.137501,50.8825,51.040001,50.451519,103493200
2019/8/28,51.025002,51.43,50.830002,51.3825,50.790073,63755200
2019/8/29,52.125,52.330002,51.665001,52.252499,51.65004,83962000
2019/8/30,52.540001,52.612499,51.799999,52.185001,51.583324,84573600
2019/9/3,51.607498,51.744999,51.055,51.424999,50.832081,80092000
2019/9/4,52.0975,52.369999,51.830002,52.297501,51.694523,76752400
2019/9/5,53,53.4925,52.877499,53.32,52.705235,95654800
2019/9/6,53.512501,53.605,53.127499,53.314999,52.700287,77449200
2019/9/9,53.709999,54.110001,52.767502,53.5425,52.925171,109237600
2019/9/10,53.465,54.195,52.927502,54.174999,53.550373,127111600
2019/9/11,54.517502,55.927502,54.432499,55.897499,55.253017,177158400
2019/9/12,56.200001,56.605,55.715,55.772499,55.129459,128906800
2019/9/13,55,55.197498,54.255001,54.6875,54.056965,159053200
2019/9/16,54.432499,55.032501,54.389999,54.974998,54.341152,84632400
2019/9/17,54.990002,55.205002,54.779999,55.174999,54.538845,73274800
2019/9/18,55.264999,55.712502,54.860001,55.692501,55.050385,101360000
2019/9/19,55.502499,55.939999,55.092499,55.240002,54.603104,88242400
2019/9/20,55.345001,55.639999,54.3675,54.432499,53.804901,221652400
2019/9/23,54.737499,54.959999,54.412498,54.68,54.049557,76662000
2019/9/24,55.2575,55.622501,54.297501,54.419998,53.792549,124763200
2019/9/25,54.637501,55.375,54.285,55.2575,54.620396,87613600
2019/9/26,55,55.235001,54.7075,54.9725,54.338684,75334000
2019/9/27,55.134998,55.240002,54.32,54.705002,54.074268,101408000
2019/9/30,55.224998,56.145,55.197498,55.9925,55.34692,103909600
2019/10/1,56.267502,57.055,56.049999,56.147499,55.500134,139223200
2019/10/2,55.764999,55.895,54.482498,54.740002,54.108864,138449200
2019/10/3,54.607498,55.240002,53.782501,55.205002,54.568497,114426000
2019/10/4,56.41,56.872501,55.9725,56.752499,56.098156,138478800
2019/10/7,56.567501,57.482498,56.459999,56.764999,56.110516,122306000
2019/10/8,56.455002,57.014999,56.0825,56.099998,55.453178,111820000
2019/10/9,56.7575,56.947498,56.41,56.7575,56.1031,74770400
2019/10/10,56.982498,57.610001,56.825001,57.522499,56.859283,113013600
2019/10/11,58.237499,59.41,58.077499,59.052502,58.371643,166795600
2019/10/14,58.724998,59.532501,58.6675,58.967499,58.287621,96427600
2019/10/15,59.0975,59.412498,58.720001,58.830002,58.151711,87360000
2019/10/16,58.342499,58.810001,58.299999,58.592499,57.916946,73903200
2019/10/17,58.772499,59.037498,58.380001,58.82,58.141819,67585200
2019/10/18,58.647499,59.395,58.572498,59.102501,58.421066,97433600
2019/10/21,59.380001,60.247501,59.330002,60.127499,59.434246,87247200
2019/10/22,60.290001,60.549999,59.904999,59.990002,59.298336,82293600
2019/10/23,60.525002,60.810001,60.305,60.794998,60.094048,75828800
2019/10/24,61.127499,61.200001,60.452499,60.895,60.192894,69275200
2019/10/25,60.790001,61.682499,60.720001,61.645,60.934254,73477200
2019/10/28,61.855,62.3125,61.68,62.262501,61.544628,96572800
2019/10/29,62.2425,62.4375,60.642502,60.822498,60.121231,142839600
2019/10/30,61.189999,61.325001,60.302502,60.814999,60.113815,124522000
2019/10/31,61.810001,62.2925,59.314999,62.189999,61.472961,139162000
2019/11/1,62.384998,63.982498,62.290001,63.955002,63.217617,151125200
2019/11/4,64.332497,64.462502,63.845001,64.375,63.632767,103272000
2019/11/5,64.262497,64.547501,64.080002,64.282501,63.541344,79897600
2019/11/6,64.192497,64.372498,63.842499,64.309998,63.56852,75864400
2019/11/7,64.684998,65.087502,64.527496,64.857498,64.302185,94940400
2019/11/8,64.672501,65.110001,64.212502,65.035004,64.478165,69986400
2019/11/11,64.574997,65.6175,64.57,65.550003,64.98877,81821200
2019/11/12,65.387497,65.697502,65.230003,65.489998,64.929268,87388800
2019/11/13,65.282501,66.195,65.267502,66.1175,65.551399,102734400
2019/11/14,65.9375,66.220001,65.525002,65.660004,65.097816,89182800
2019/11/15,65.919998,66.445,65.752502,66.440002,65.87114,100206400
2019/11/18,66.449997,66.857498,66.057503,66.775002,66.20327,86703200
2019/11/19,66.974998,67,66.347504,66.572502,66.002502,76167200
2019/11/20,66.385002,66.519997,65.099998,65.797501,65.234146,106234400
2019/11/21,65.922501,66.002502,65.294998,65.502502,64.941666,121395200
2019/11/22,65.647499,65.794998,65.209999,65.445,64.884651,65325200
2019/11/25,65.677498,66.610001,65.629997,66.592499,66.022324,84020400
2019/11/26,66.735001,66.790001,65.625,66.072502,65.50679,105207600
2019/11/27,66.394997,66.995003,66.327499,66.959999,66.386681,65235600
2019/11/29,66.650002,67,66.474998,66.8125,66.240448,46617600
2019/12/2,66.817497,67.0625,65.862503,66.040001,65.474564,94487200
2019/12/3,64.577499,64.8825,64.072502,64.862503,64.307152,114430400
2019/12/4,65.267502,65.827499,65.169998,65.434998,64.874741,67181600
2019/12/5,65.947502,66.472504,65.682503,66.394997,65.826523,74424400
2019/12/6,66.870003,67.75,66.824997,67.677498,67.09803,106075600
2019/12/9,67.5,67.699997,66.227501,66.730003,66.158653,128042400
2019/12/10,67.150002,67.517502,66.464996,67.120003,66.545319,90420400
2019/12/11,67.202499,67.775002,67.125,67.692497,67.112915,78756800
2019/12/12,66.945,68.139999,66.830002,67.864998,67.283928,137310400
2019/12/13,67.864998,68.824997,67.732498,68.787498,68.19854,133587600
2019/12/16,69.25,70.197502,69.245003,69.964996,69.365952,128186000
2019/12/17,69.892502,70.442497,69.699997,70.102501,69.502274,114158400
2019/12/18,69.949997,70.474998,69.779999,69.934998,69.336212,116028400
2019/12/19,69.875,70.294998,69.737503,70.004997,69.405609,98369200
2019/12/20,70.557503,70.662498,69.639999,69.860001,69.261856,275978000
2019/12/23,70.1325,71.0625,70.092499,71,70.39209,98572000
2019/12/24,71.172501,71.222504,70.730003,71.067497,70.459007,48478800
2019/12/26,71.205002,72.495003,71.175003,72.477501,71.856941,93121200
2019/12/27,72.779999,73.4925,72.029999,72.449997,71.829674,146266000
2019/12/30,72.364998,73.172501,71.305,72.879997,72.255997,144114400
2019/12/31,72.482498,73.419998,72.379997,73.412498,72.783936,100805600
2020/1/2,74.059998,75.150002,73.797501,75.087502,74.444603,135480400
2020/1/3,74.287498,75.144997,74.125,74.357498,73.72084,146322800
2020/1/6,73.447502,74.989998,73.1875,74.949997,74.308266,118387200
2020/1/7,74.959999,75.224998,74.370003,74.597504,73.958794,108872000
2020/1/8,74.290001,76.110001,74.290001,75.797501,75.148521,132079200
2020/1/9,76.809998,77.607498,76.550003,77.407501,76.744728,170108400
2020/1/10,77.650002,78.167503,77.0625,77.582497,76.918221,140644800
2020/1/13,77.910004,79.267502,77.787498,79.239998,78.561531,121532000
2020/1/14,79.175003,79.392502,78.042503,78.169998,77.500702,161954400
2020/1/15,77.962502,78.875,77.387497,77.834999,77.168564,121923600
2020/1/16,78.397499,78.925003,78.022499,78.809998,78.135223,108829200
2020/1/17,79.067497,79.684998,78.75,79.682503,79.000244,137816400
2020/1/21,79.297501,79.754997,79,79.142502,78.464882,110843200
2020/1/22,79.644997,79.997498,79.327499,79.425003,78.744957,101832400
2020/1/23,79.480003,79.889999,78.912498,79.807503,79.124184,104472000
2020/1/24,80.0625,80.832497,79.379997,79.577499,78.896149,146537600
2020/1/27,77.514999,77.942497,76.220001,77.237503,76.576187,161940000
2020/1/28,78.150002,79.599998,78.047501,79.422501,78.742477,162234000
2020/1/29,81.112503,81.962502,80.345001,81.084999,80.390747,216229200
2020/1/30,80.135002,81.022499,79.6875,80.967499,80.274246,126743200
2020/1/31,80.232498,80.669998,77.072502,77.377502,76.714989,199588400
2020/2/3,76.074997,78.372498,75.555,77.165001,76.504311,173985600
2020/2/4,78.827499,79.910004,78.407501,79.712502,79.029999,136616400
2020/2/5,80.879997,81.190002,79.737503,80.362503,79.674438,118826800
2020/2/6,80.642502,81.305,80.065002,81.302498,80.606384,105425600
2020/2/7,80.592499,80.849998,79.5,80.0075,79.510727,117684000
2020/2/10,78.544998,80.387497,78.462502,80.387497,79.888359,109348800
2020/2/11,80.900002,80.974998,79.677498,79.902496,79.406372,94323200
2020/2/12,80.3675,81.805,80.3675,81.800003,81.292099,113730400
2020/2/13,81.047501,81.555,80.837502,81.217499,80.713219,94747600
2020/2/14,81.184998,81.495003,80.712502,81.237503,80.733086,80113600
2020/2/18,78.839996,79.9375,78.652496,79.75,79.254822,152531200
2020/2/19,80,81.142502,80,80.904999,80.402649,93984000
2020/2/20,80.657501,81.162498,79.552498,80.074997,79.577805,100566000
2020/2/21,79.654999,80.112503,77.625,78.262497,77.776558,129554000
2020/2/24,74.315002,76.044998,72.307503,74.544998,74.082146,222195200
2020/2/25,75.237503,75.6325,71.532501,72.019997,71.572823,230673600
2020/2/26,71.6325,74.470001,71.625,73.162498,72.708221,198054800
2020/2/27,70.275002,71.5,68.239998,68.379997,67.955421,320605600
2020/2/28,64.315002,69.602501,64.092499,68.339996,67.915665,426884800
2020/3/2,70.57,75.360001,69.43,74.702499,74.238663,341397200
2020/3/3,75.917503,76,71.449997,72.330002,71.880898,319475600
2020/3/4,74.110001,75.849998,73.282501,75.684998,75.215065,219178400
2020/3/5,73.879997,74.887497,72.852501,73.230003,72.775307,187572800
2020/3/6,70.5,72.705002,70.307503,72.2575,71.808846,226176800
2020/3/9,65.9375,69.522499,65.75,66.542503,66.129333,286744800
2020/3/10,69.285004,71.610001,67.342499,71.334999,70.892075,285290000
2020/3/11,69.347504,70.305,67.964996,68.857498,68.429955,255598800
2020/3/12,63.985001,67.5,62,62.057499,61.672176,418474000
2020/3/13,66.222504,69.980003,63.237499,69.4925,69.061012,370732000
2020/3/16,60.487499,64.769997,60,60.552502,60.176525,322423600
2020/3/17,61.877499,64.402496,59.599998,63.215,62.822491,324056000
2020/3/18,59.942501,62.5,59.279999,61.6675,61.284599,300233600
2020/3/19,61.8475,63.209999,60.6525,61.195,60.815033,271857200
2020/3/20,61.794998,62.9575,57,57.310001,56.954155,401693200
2020/3/23,57.02,57.125,53.1525,56.092499,55.744217,336752800
2020/3/24,59.09,61.922501,58.575001,61.720001,61.336773,287531200
2020/3/25,62.6875,64.5625,61.075001,61.380001,60.998886,303602000
2020/3/26,61.630001,64.669998,61.59,64.610001,64.208832,252087200
2020/3/27,63.1875,63.967499,61.762501,61.935001,61.550438,204216800
2020/3/30,62.685001,63.880001,62.349998,63.702499,63.306961,167976400
2020/3/31,63.900002,65.622498,63,63.572498,63.177769,197002000
2020/4/1,61.625,62.18,59.782501,60.227501,59.853539,176218400
2020/4/2,60.084999,61.287498,59.224998,61.232498,60.852295,165934000
2020/4/3,60.700001,61.424999,59.7425,60.352501,59.977768,129880000
2020/4/6,62.724998,65.777496,62.345001,65.6175,65.210068,201820400
2020/4/7,67.699997,67.925003,64.75,64.857498,64.454796,202887200
2020/4/8,65.684998,66.842499,65.307503,66.517502,66.104485,168895200
2020/4/9,67.175003,67.517502,66.175003,66.997498,66.581505,162116400
2020/4/13,67.077499,68.425003,66.457497,68.3125,67.888336,131022800
2020/4/14,70,72.0625,69.512497,71.762497,71.31691,194994800
2020/4/15,70.599998,71.582497,70.157501,71.107498,70.665985,131154400
2020/4/16,71.845001,72.050003,70.587502,71.672501,71.22747,157125200
2020/4/17,71.172501,71.737503,69.214996,70.699997,70.261017,215250000
2020/4/20,69.487503,70.419998,69.212502,69.232498,68.80262,130015200
2020/4/21,69.07,69.3125,66.357498,67.092499,66.675911,180991600
2020/4/22,68.402496,69.474998,68.050003,69.025002,68.596413,117057200
2020/4/23,68.967499,70.4375,68.717499,68.7575,68.330582,124814400
2020/4/24,69.300003,70.752502,69.25,70.7425,70.303253,126508800
2020/4/27,70.449997,71.135002,69.987503,70.792503,70.352943,117087600
2020/4/28,71.269997,71.457497,69.550003,69.644997,69.212555,112004800
2020/4/29,71.182503,72.417503,70.972504,71.932503,71.485863,137280800
2020/4/30,72.489998,73.6325,72.087502,73.449997,72.993935,183064000
2020/5/1,71.5625,74.75,71.462502,72.267502,71.818787,240616800
2020/5/4,72.292503,73.422501,71.580002,73.290001,72.83493,133568000
2020/5/5,73.764999,75.25,73.614998,74.389999,73.928101,147751200
2020/5/6,75.114998,75.809998,74.717499,75.157501,74.690842,142333600
2020/5/7,75.805,76.292503,75.4925,75.934998,75.463509,115215200
2020/5/8,76.410004,77.587502,76.072502,77.532501,77.259674,134048000
2020/5/11,77.025002,79.262497,76.809998,78.752502,78.475372,145946400
2020/5/12,79.457497,79.922501,77.727501,77.852501,77.578537,162301200
2020/5/13,78.037498,78.987503,75.802498,76.912498,76.641853,200622400
2020/5/14,76.127502,77.447502,75.3825,77.385002,77.112686,158929200
2020/5/15,75.087502,76.974998,75.052498,76.927498,76.656792,166348400
2020/5/18,78.292503,79.125,77.580002,78.739998,78.462914,135372400
2020/5/19,78.7575,79.629997,78.252502,78.285004,78.009521,101729600
2020/5/20,79.169998,79.879997,79.129997,79.807503,79.526665,111504800
2020/5/21,79.665001,80.222504,78.967499,79.212502,78.933754,102688800
2020/5/22,78.942497,79.807503,78.837502,79.722504,79.441963,81803200
2020/5/26,80.875,81.059998,79.125,79.182503,78.903862,125522000
2020/5/27,79.035004,79.677498,78.272499,79.527496,79.247643,112945200
2020/5/28,79.192497,80.860001,78.907501,79.5625,79.282524,133560800
2020/5/29,79.8125,80.287498,79.1175,79.485001,79.205299,153598000
